<?xml version="1.0" encoding="UTF-8"?>
<realm xmlns="http://xsd.tns.tibco.com/trinity/realm/2013">
  <users>
<!-- The format of plain text password is only to be used for Test Environment. Use the alternative, supported format of 
     hashed password type in production.-->
    <user>
      <name>50001</name>
      <plaintext>password</plaintext>
    </user>

    <user>
      <name>50002</name>
      <plaintext>password</plaintext>
    </user>
    <user>
      <name>1001</name>
      <plaintext>password</plaintext>
    </user>
    <user>
      <name>1002</name>
      <plaintext>password</plaintext>
    </user>

  </users>

  <group-mapping>
    <group-name>managers</group-name>
    <user-name>alex</user-name>
  </group-mapping>

  <group-mapping>
    <group-name>administrators</group-name>
    <user-name>alex</user-name>
    <user-name>john</user-name>
  </group-mapping>

</realm>
