{
    "records": [{
        "name": "Cloud",
        "items": [],
        "url": "https://integration.cloud.tibco.com:443"
    }],
    "resources": [
        {
            "location": "Service Descriptors/assignments_bw6.Customerinfo_Resource-Customerinfo_Resource.json",
            "type": "generated"
        },
        {
            "location": "Service Descriptors/assignments_bw6.AccountType-AccountType.json",
            "type": "generated"
        },
        {
            "location": "Service Descriptors/Test.Resource-Resource.json",
            "type": "generated"
        },
        {
            "location": "Service Descriptors/Test.Customerinfo_Resource-Customerinfo_Resource.json",
            "type": "generated"
        },
        {
            "location": "Service Descriptors/assignments_bw6.CustomerInfo-CustomerInfo.json",
            "type": "generated"
        },
        {
            "location": "Service Descriptors/assignments_2.NotificationRest-NotificationRest.json",
            "type": "generated"
        },
        {
            "location": "Service Descriptors/assignments_3.FetchDBRest-FetchDBRest.json",
            "type": "generated"
        },
        {
            "location": "Service Descriptors/assignments_bw6.CustomerInformation-CustomerInformation.json",
            "type": "generated"
        }
    ]
}