{"records": [
    {
        "jsonSchemaLocation": "/Assignments_BW6/Service Descriptors/assignments_bw6.Customerinfo_Resource-Customerinfo_Resource.json",
        "conversionType": "linked",
        "xsdSchemaTargetNamespace": "http://www.example.org/Customer_info"
    },
    {
        "jsonSchemaLocation": "/Assignments_BW6/Service Descriptors/Test.Resource-Resource.json",
        "conversionType": "linked",
        "xsdSchemaLocation": "/Assignments_BW6/Schemas/Accounttype.xsd",
        "xsdSchemaTargetNamespace": "http://www.example.com/namespaces/tns/1711281097295"
    },
    {
        "jsonSchemaLocation": "/Assignments_BW6/Service Descriptors/assignments_bw6.CustomerInfo-CustomerInfo.json",
        "conversionType": "linked",
        "xsdSchemaLocation": "/Assignments_BW6/Schemas/Accounttype.xsd",
        "xsdSchemaTargetNamespace": "http://www.example.com/namespaces/tns/1711281097295"
    },
    {
        "jsonSchemaLocation": "/Assignments_BW6/Service Descriptors/assignments_3.FetchDBRest-FetchDBRest.json",
        "conversionType": "linked",
        "xsdSchemaTargetNamespace": "http://www.example.org/Table_params"
    },
    {
        "jsonSchemaLocation": "/Assignments_BW6/Service Descriptors/assignments_bw6.CustomerInformation-CustomerInformation.json",
        "conversionType": "linked",
        "xsdSchemaLocation": "/Assignments_BW6/Schemas/Accounttype.xsd",
        "xsdSchemaTargetNamespace": "http://www.example.com/namespaces/tns/1711281097295"
    }
]}