{
  "swagger" : "2.0",
  "info" : {
    "version" : "1.0",
    "title" : "Customerinfo_Resource",
    "description" : "Customerinfo_Resource service"
  },
  "host" : "localhost:8080",
  "basePath" : "/",
  "schemes" : [ "http" ],
  "paths" : {
    "/customerinfo_resource" : {
      "post" : {
        "summary" : "postCustomerinfo_Resource",
        "description" : "postCustomerinfo_Resource",
        "operationId" : "post-customerinfo_resource",
        "consumes" : [ "application/json" ],
        "produces" : [ "application/json" ],
        "parameters" : [ {
          "name" : "body",
          "in" : "body",
          "description" : "",
          "schema" : {
            "$ref" : "#/definitions/Element"
          },
          "required" : true
        } ],
        "responses" : {
          "200" : {
            "description" : "a string to be returned",
            "schema" : {
              "type" : "string"
            }
          }
        }
      },
      "get" : {
        "summary" : "getCustomerinfo_Resource",
        "description" : "getCustomerinfo_Resource",
        "operationId" : "get-customerinfo_resource",
        "consumes" : [ "application/json" ],
        "produces" : [ "application/json" ],
        "parameters" : [ {
          "name" : "Customer_Id",
          "in" : "query",
          "description" : "",
          "type" : "string",
          "required" : true
        } ],
        "responses" : {
          "200" : {
            "description" : "a Cusromer_ele to be returned",
            "schema" : {
              "$ref" : "#/definitions/Cusromer_ele"
            }
          }
        }
      }
    }
  },
  "definitions" : {
    "Element" : {
      "type" : "object",
      "required" : [ "Customer_Id", "Account_Type", "Token_ID" ],
      "properties" : {
        "Customer_Id" : {
          "type" : "string"
        },
        "Token_ID" : {
          "type" : "integer",
          "format" : "int32"
        },
        "Account_Type" : {
          "type" : "string"
        }
      }
    },
    "Cusromer_ele" : {
      "type" : "object",
      "required" : [ "Account_Opening_Date", "Customer_Name", "Nominee_Present", "IFSC_CODE", "Customer_Id", "Account_Type", "ZIPCODE", "Customer_Address", "Account_Number", "Token_ID", "Customer_City" ],
      "properties" : {
        "Customer_Id" : {
          "type" : "string"
        },
        "Customer_Name" : {
          "type" : "string"
        },
        "Customer_Address" : {
          "type" : "string"
        },
        "Customer_City" : {
          "type" : "string"
        },
        "ZIPCODE" : {
          "type" : "string"
        },
        "Account_Type" : {
          "type" : "string"
        },
        "Account_Number" : {
          "type" : "string"
        },
        "IFSC_CODE" : {
          "type" : "string"
        },
        "Nominee_Present" : {
          "type" : "boolean"
        },
        "Account_Opening_Date" : {
          "type" : "string",
          "format" : "date"
        },
        "Token_ID" : {
          "type" : "integer",
          "format" : "int32"
        }
      }
    }
  }
}