{
  "swagger" : "2.0",
  "info" : {
    "version" : "1.0",
    "title" : "FetchDBRest",
    "description" : "FetchDBRest service"
  },
  "host" : "localhost:8081",
  "basePath" : "/",
  "schemes" : [ "http" ],
  "paths" : {
    "/fetchdbrest" : {
      "post" : {
        "summary" : "postFetchDBRest",
        "description" : "postFetchDBRest",
        "operationId" : "post-fetchdbrest",
        "consumes" : [ "application/json" ],
        "produces" : [ "application/json" ],
        "parameters" : [ {
          "name" : "body",
          "in" : "body",
          "description" : "",
          "schema" : {
            "$ref" : "#/definitions/TableElement"
          },
          "required" : true
        } ],
        "responses" : {
          "200" : {
            "description" : "a TableResponseEle to be returned",
            "schema" : {
              "$ref" : "#/definitions/TableResponseEle"
            }
          }
        }
      }
    }
  },
  "definitions" : {
    "TableResponseEle" : {
      "type" : "object",
      "properties" : {
        "ResElement" : {
          "type" : "array",
          "items" : {
            "$ref" : "#/definitions/ResElement",
            "uniqueItems" : false
          }
        }
      }
    },
    "ResElement" : {
      "type" : "object",
      "required" : [ "name", "value" ],
      "properties" : {
        "name" : {
          "type" : "string"
        },
        "value" : {
          "type" : "string"
        }
      }
    },
    "TableReqType" : {
      "type" : "object",
      "required" : [ "Condition", "Tablename", "Columnname" ],
      "properties" : {
        "Tablename" : {
          "type" : "string"
        },
        "Columnname" : {
          "type" : "string"
        },
        "Condition" : {
          "type" : "string"
        }
      }
    },
    "TableElement" : {
      "type" : "object",
      "required" : [ "TableElement" ],
      "properties" : {
        "TableElement" : {
          "$ref" : "#/definitions/TableReqType"
        }
      }
    }
  }
}