{
  "swagger" : "2.0",
  "info" : {
    "version" : "1.0",
    "title" : "NotificationRest",
    "description" : "NotificationRest service"
  },
  "host" : "localhost:8081",
  "basePath" : "/",
  "schemes" : [ "http" ],
  "paths" : {
    "/notificationrest" : {
      "post" : {
        "summary" : "postNotificationRest",
        "description" : "postNotificationRest",
        "operationId" : "post-notificationrest",
        "consumes" : [ "application/json" ],
        "produces" : [ "application/json" ],
        "parameters" : [ {
          "name" : "body",
          "in" : "body",
          "description" : "",
          "schema" : {
            "$ref" : "#/definitions/JsonReqElement"
          },
          "required" : true
        } ],
        "responses" : {
          "200" : {
            "description" : "a string to be returned",
            "schema" : {
              "type" : "string"
            }
          }
        }
      }
    }
  },
  "definitions" : {
    "NotificationReq" : {
      "type" : "object",
      "properties" : {
        "GroupName" : {
          "type" : "string"
        },
        "Status" : {
          "type" : "string"
        },
        "DownloadLocation" : {
          "type" : "string"
        },
        "SourceSystem" : {
          "type" : "string"
        }
      }
    },
    "Transaction" : {
      "type" : "object",
      "properties" : {
        "TransactionTimestamp" : {
          "type" : "string"
        },
        "TransactionIDType" : {
          "type" : "string"
        },
        "TransactionID" : {
          "type" : "string"
        }
      }
    },
    "JsonReqElement" : {
      "type" : "object",
      "properties" : {
        "DocumentHeader" : {
          "$ref" : "#/definitions/DocumentHeader"
        },
        "NotificationReq" : {
          "$ref" : "#/definitions/NotificationReq"
        }
      }
    },
    "DocumentHeader" : {
      "type" : "object",
      "properties" : {
        "Transaction" : {
          "$ref" : "#/definitions/Transaction"
        }
      }
    }
  }
}