{
  "swagger" : "2.0",
  "info" : {
    "version" : "1.0",
    "title" : "CustomerInformation",
    "description" : "CustomerInformation service"
  },
  "host" : "localhost:8081",
  "basePath" : "/",
  "schemes" : [ "http" ],
  "paths" : {
    "/customerinformation" : {
      "post" : {
        "summary" : "postCustomerInformation",
        "description" : "postCustomerInformation",
        "operationId" : "post-customerinformation",
        "consumes" : [ "application/json" ],
        "produces" : [ "application/json" ],
        "parameters" : [ {
          "name" : "body",
          "in" : "body",
          "description" : "",
          "schema" : {
            "$ref" : "#/definitions/customerinfoGetParameters"
          },
          "required" : true
        } ],
        "responses" : {
          "200" : {
            "description" : "a MapperInput to be returned",
            "schema" : {
              "$ref" : "#/definitions/MapperInput"
            }
          }
        }
      },
      "get" : {
        "summary" : "getCustomerInformation",
        "description" : "getCustomerInformation",
        "operationId" : "get-customerinformation",
        "consumes" : [ "application/json" ],
        "produces" : [ "application/json" ],
        "parameters" : [ {
          "name" : "Customer_id",
          "in" : "query",
          "description" : "",
          "type" : "string",
          "required" : true
        } ],
        "responses" : {
          "200" : {
            "description" : "a Cusromer_ele to be returned",
            "schema" : {
              "$ref" : "#/definitions/Cusromer_ele"
            }
          }
        }
      }
    }
  },
  "definitions" : {
    "MapperInput" : {
      "type" : "object",
      "required" : [ "current_emi", "date", "account_balance", "pending_principal", "customer_id", "current_roi" ],
      "properties" : {
        "customer_id" : {
          "type" : "string"
        },
        "current_emi" : {
          "type" : "integer",
          "format" : "int32"
        },
        "pending_principal" : {
          "type" : "integer",
          "format" : "int32"
        },
        "current_roi" : {
          "type" : "string"
        },
        "account_balance" : {
          "type" : "integer",
          "format" : "int32"
        },
        "date" : {
          "type" : "string",
          "format" : "date"
        }
      }
    },
    "customerinfoGetParameters" : {
      "type" : "object",
      "required" : [ "Customer_Id", "Account_Type", "Token_ID" ],
      "properties" : {
        "Customer_Id" : {
          "type" : "string"
        },
        "Token_ID" : {
          "type" : "string"
        },
        "Account_Type" : {
          "type" : "string"
        },
        "Debit_amount" : {
          "type" : "string"
        }
      }
    },
    "Cusromer_ele" : {
      "type" : "object",
      "required" : [ "Account_Opening_Date", "Customer_Name", "Nominee_Present", "IFSC_CODE", "Customer_Id", "Account_Type", "ZIPCODE", "Customer_Address", "Account_Number", "Token_ID", "Customer_City" ],
      "properties" : {
        "Customer_Id" : {
          "type" : "string"
        },
        "Customer_Name" : {
          "type" : "string"
        },
        "Customer_Address" : {
          "type" : "string"
        },
        "Customer_City" : {
          "type" : "string"
        },
        "ZIPCODE" : {
          "type" : "string"
        },
        "Account_Type" : {
          "type" : "string"
        },
        "Account_Number" : {
          "type" : "string"
        },
        "IFSC_CODE" : {
          "type" : "string"
        },
        "Nominee_Present" : {
          "type" : "boolean"
        },
        "Account_Opening_Date" : {
          "type" : "string",
          "format" : "date"
        },
        "Token_ID" : {
          "type" : "integer",
          "format" : "int32"
        }
      }
    }
  }
}