{
  "swagger" : "2.0",
  "info" : {
    "version" : "1.0",
    "title" : "FileRestResource",
    "description" : "FileRestResource service"
  },
  "host" : "localhost:8082",
  "basePath" : "/",
  "schemes" : [ "http" ],
  "paths" : {
    "/filerestresource" : {
      "post" : {
        "summary" : "postFileRestResource",
        "description" : "postFileRestResource",
        "operationId" : "post-filerestresource",
        "consumes" : [ "application/json" ],
        "produces" : [ "application/json" ],
        "parameters" : [ {
          "name" : "body",
          "in" : "body",
          "description" : "",
          "schema" : {
            "type" : "string"
          },
          "required" : true
        } ],
        "responses" : {
          "200" : {
            "description" : "a string to be returned",
            "schema" : {
              "type" : "string"
            }
          }
        }
      }
    }
  },
  "definitions" : { }
}